{
    "PREP": 3.9527409076690674,
    "EPOCHS": [
        13.699540376663208,
        13.485085248947144,
        12.36160159111023,
        12.077955961227417,
        13.89442491531372,
        12.53849196434021,
        12.467921018600464,
        12.003382444381714,
        14.005245685577393,
        12.357046604156494
    ]
}